x,y,z
37.01235761,-62.80944427,0
139.5912651,34.10294256,2405.238672
476.207448,91.42967983,6243.877196
398.0595244,-24.34246276,10018.91274
611.7177924,-202.5262722,11698.86634
699.1065751,-1599.146612,11736.70189
702.2734064,-3498.294651,11751.44127
757.0057846,-5478.119537,11783.02197
785.3972689,-6424.202675,11808.69596
831.2154564,-7486.009639,11839.26422

